Player,Team
Aod,France
Aod,Spain
Aod,Australia
Aod,Switzerland
Aod,Tunisia
Aod,Czechia
Aod,Uzbekistan
Aod,New Zealand
Campo,England
Campo,Colombia
Campo,Tuerkiye
Campo,IR Iran
Campo,Sweden
Campo,Czechia
Campo,Qatar
Campo,Saudi Arabia
Guilly,Argentina
Guilly,Netherlands
Guilly,Mexico
Guilly,IR Iran
Guilly,Scotland
Guilly,Cote d Ivoire
Guilly,Cabo Verde
Guilly,Ghana
Harry,Brazil
Harry,England
Harry,IR Iran
Harry,Australia
Harry,Algeria
Harry,Canada
Harry,Iraq
Harry,Curacao
Ian,Belgium
Ian,Brazil
Ian,Senegal
Ian,Switzerland
Ian,Panama
Ian,Paraguay
Ian,Curacao
Ian,Cabo Verde
Jack C,Colombia
Jack C,Belgium
Jack C,Tuerkiye
Jack C,Austria
Jack C,Panama
Jack C,Tunisia
Jack C,Qatar
Jack C,South Africa
Lobber,Portugal
Lobber,Morocco
Lobber,Ecuador
Lobber,Japan
Lobber,Egypt
Lobber,Czechia
Lobber,Cabo Verde
Lobber,Jordan
Mcgree,France
Mcgree,Morocco
Mcgree,Japan
Mcgree,Uruguay
Mcgree,Cote d Ivoire
Mcgree,Congo DR
Mcgree,New Zealand
Mcgree,Bosnia and Herzegovina
Moorsey,Germany
Moorsey,Netherlands
Moorsey,Austria
Moorsey,Senegal
Moorsey,Scotland
Moorsey,Paraguay
Moorsey,Saudi Arabia
Moorsey,South Africa
Oisin C,Morocco
Oisin C,Germany
Oisin C,USA
Oisin C,Korea Republic
Oisin C,Egypt
Oisin C,Norway
Oisin C,Bosnia and Herzegovina
Oisin C,Ghana
Oisin E,Spain
Oisin E,France
Oisin E,USA
Oisin E,Mexico
Oisin E,Sweden
Oisin E,Congo DR
Oisin E,Jordan
Oisin E,Haiti
Ronan,Croatia
Ronan,Portugal
Ronan,Australia
Ronan,Uruguay
Ronan,Tunisia
Ronan,Algeria
Ronan,Iraq
Ronan,Curacao
Wheelo,Croatia
Wheelo,Argentina
Wheelo,Korea Republic
Wheelo,Ecuador
Wheelo,Canada
Wheelo,Norway
Wheelo,Haiti
Wheelo,Uzbekistan
